Modelo,Média Similaridade,Desvio Padrão
Baseline (MiniLM-L6),0.5469295000000001,0.2551773361415547
Multilingual (L12),0.5938795555555555,0.4254098775695949
