Modelo,Média,Desvio,Mínimo,Máximo
Baseline,0.5469295000000001,0.2551773361415547,0.201387,0.826018
Multilingual,0.5938795555555555,0.4254098775695949,0.024611,0.99445
